{
  "avg_correctness": 0.34520123839009287,
  "avg_faithfulness": 0.7708978328173375,
  "avg_coverage": 0.33126934984520123,
  "total_evaluated": 323
}