{
  "avg_correctness": 0.6089108910891089,
  "avg_faithfulness": 0.8861386138613861,
  "avg_coverage": 0.599009900990099,
  "total_evaluated": 101
}