{
  "avg_correctness": 0.7285714285714285,
  "avg_faithfulness": 0.8971428571428571,
  "avg_coverage": 0.7271428571428571,
  "total_evaluated": 350
}