{
  "avg_correctness": 0.6238390092879257,
  "avg_faithfulness": 0.6609907120743034,
  "avg_coverage": 0.6037151702786377,
  "total_evaluated": 323
}