{
  "avg_correctness": 0.7291021671826625,
  "avg_faithfulness": 0.7616099071207431,
  "avg_coverage": 0.6965944272445821,
  "total_evaluated": 323
}