{
  "avg_correctness": 0.7832817337461301,
  "avg_faithfulness": 0.8281733746130031,
  "avg_coverage": 0.7770897832817337,
  "total_evaluated": 323
}