{
  "avg_correctness": 0.7848297213622291,
  "avg_faithfulness": 0.8777089783281734,
  "avg_coverage": 0.7755417956656346,
  "total_evaluated": 323
}