{
  "avg_correctness": 0.6331269349845201,
  "avg_faithfulness": 0.6749226006191951,
  "avg_coverage": 0.6114551083591331,
  "total_evaluated": 323
}