{
  "avg_correctness": 0.8235294117647058,
  "avg_faithfulness": 0.8405572755417957,
  "avg_coverage": 0.8157894736842105,
  "total_evaluated": 323
}