{
  "avg_correctness": 0.7314285714285714,
  "avg_faithfulness": 0.9028571428571428,
  "avg_coverage": 0.72,
  "total_evaluated": 350
}