{
  "avg_correctness": 0.7708978328173375,
  "avg_faithfulness": 0.8808049535603715,
  "avg_coverage": 0.7616099071207431,
  "total_evaluated": 323
}