{
  "avg_correctness": 0.5457142857142857,
  "avg_faithfulness": 0.6571428571428571,
  "avg_coverage": 0.5314285714285715,
  "total_evaluated": 350
}