{
  "avg_correctness": 0.7111801242236024,
  "avg_faithfulness": 0.7515527950310559,
  "avg_coverage": 0.672360248447205,
  "total_evaluated": 323
}