{
  "avg_correctness": 0.48514851485148514,
  "avg_faithfulness": 0.5841584158415841,
  "avg_coverage": 0.46534653465346537,
  "total_evaluated": 101
}