{
  "avg_correctness": 0.34210526315789475,
  "avg_faithfulness": 0.5092879256965944,
  "avg_coverage": 0.3219814241486068,
  "total_evaluated": 323
}