{
  "avg_correctness": 0.5557142857142857,
  "avg_faithfulness": 0.6671428571428571,
  "avg_coverage": 0.5414285714285715,
  "total_evaluated": 350
}